X,Y,标注类别名称,预测类别,图像路径
-23.114971,-4.567541,乌龟,乌龟,dataset_split/val/乌龟/0.jpg
-23.251812,1.1403279,乌龟,乌龟,dataset_split/val/乌龟/106.jpg
-19.660843,-1.7438774,乌龟,乌龟,dataset_split/val/乌龟/115.jpg
-21.382837,-1.3871579,乌龟,乌龟,dataset_split/val/乌龟/123.jpg
-25.913488,-1.4409544,乌龟,乌龟,dataset_split/val/乌龟/164.jpg
-26.477211,-3.6469111,乌龟,乌龟,dataset_split/val/乌龟/165.jpg
-24.448093,-2.669589,乌龟,乌龟,dataset_split/val/乌龟/166.jpg
-22.44947,0.23305008,乌龟,乌龟,dataset_split/val/乌龟/177.jpg
-20.87962,0.6936947,乌龟,乌龟,dataset_split/val/乌龟/183.jpg
-25.647013,-3.2963405,乌龟,乌龟,dataset_split/val/乌龟/186.jpg
-26.308052,-2.0149188,乌龟,乌龟,dataset_split/val/乌龟/189.jpg
-25.349358,-7.7527456,乌龟,乌龟,dataset_split/val/乌龟/192.jpg
-23.680803,0.55178845,乌龟,乌龟,dataset_split/val/乌龟/198.jpg
-24.232716,-0.73882955,乌龟,乌龟,dataset_split/val/乌龟/201.jpg
-24.966131,-4.937279,乌龟,乌龟,dataset_split/val/乌龟/208.jpg
-20.529457,-4.138291,乌龟,乌龟,dataset_split/val/乌龟/211.jpg
-25.484858,0.016162753,乌龟,乌龟,dataset_split/val/乌龟/223.jpg
-19.628521,0.41879234,乌龟,乌龟,dataset_split/val/乌龟/228.jpg
-24.18821,-4.141568,乌龟,乌龟,dataset_split/val/乌龟/232.jpg
-27.67224,-3.5843956,乌龟,乌龟,dataset_split/val/乌龟/24.jpg
-24.63971,-3.1004796,乌龟,乌龟,dataset_split/val/乌龟/243.jpg
-25.168373,-4.4937997,乌龟,乌龟,dataset_split/val/乌龟/25.jpg
-23.676468,-6.762717,乌龟,乌龟,dataset_split/val/乌龟/258.jpg
-20.030561,-1.420216,乌龟,乌龟,dataset_split/val/乌龟/264.jpg
-27.246357,0.46954387,乌龟,乌龟,dataset_split/val/乌龟/265.jpg
-28.523663,-2.2537048,乌龟,乌龟,dataset_split/val/乌龟/273.jpg
-19.5662,0.39966413,乌龟,乌龟,dataset_split/val/乌龟/285.jpg
-18.68395,0.038955294,乌龟,乌龟,dataset_split/val/乌龟/296.jpg
-16.64802,2.460264,乌龟,乌龟,dataset_split/val/乌龟/297.jpg
-21.235193,-5.658173,乌龟,乌龟,dataset_split/val/乌龟/300.jpg
-27.047815,-5.253847,乌龟,乌龟,dataset_split/val/乌龟/306.jpg
-22.391138,-8.312172,乌龟,乌龟,dataset_split/val/乌龟/315.jpg
-25.49628,-2.3405955,乌龟,乌龟,dataset_split/val/乌龟/316.jpg
-25.313354,-3.13497,乌龟,乌龟,dataset_split/val/乌龟/32.png
-10.126174,14.2798,乌龟,乌龟,dataset_split/val/乌龟/324.jpg
-6.5263014,0.9614971,乌龟,乌龟,dataset_split/val/乌龟/328.png
-20.678041,-1.2485968,乌龟,乌龟,dataset_split/val/乌龟/335.png
-25.802921,-4.0081725,乌龟,乌龟,dataset_split/val/乌龟/337.jpg
-25.271435,-8.318707,乌龟,乌龟,dataset_split/val/乌龟/341.jpg
-27.063837,-0.95163804,乌龟,乌龟,dataset_split/val/乌龟/345.jpg
-25.374622,-1.1766158,乌龟,乌龟,dataset_split/val/乌龟/346.jpg
-22.58198,-3.5905764,乌龟,乌龟,dataset_split/val/乌龟/348.jpg
-23.608887,1.9509372,乌龟,乌龟,dataset_split/val/乌龟/35.jpg
-24.82846,-8.428457,乌龟,乌龟,dataset_split/val/乌龟/36.jpg
-18.670198,-2.0396218,乌龟,乌龟,dataset_split/val/乌龟/368.jpg
-27.500143,-3.272384,乌龟,乌龟,dataset_split/val/乌龟/371.jpg
-18.747108,-6.112376,乌龟,乌龟,dataset_split/val/乌龟/374.jpg
-22.739819,-2.193626,乌龟,乌龟,dataset_split/val/乌龟/381.jpg
-25.93022,-5.3515725,乌龟,乌龟,dataset_split/val/乌龟/382.jpg
-21.701157,-2.8776808,乌龟,乌龟,dataset_split/val/乌龟/383.jpg
-24.00697,-6.6194887,乌龟,乌龟,dataset_split/val/乌龟/390.jpg
-25.005348,-6.8381014,乌龟,乌龟,dataset_split/val/乌龟/394.jpg
-11.559802,1.0065335,乌龟,乌龟,dataset_split/val/乌龟/399.jpg
-26.472286,-1.8484836,乌龟,乌龟,dataset_split/val/乌龟/419.jpg
-25.704996,1.0461953,乌龟,乌龟,dataset_split/val/乌龟/428.jpg
-23.145578,-0.4006258,乌龟,乌龟,dataset_split/val/乌龟/429.jpeg
-22.304308,-8.266634,乌龟,乌龟,dataset_split/val/乌龟/435.jpg
-22.328178,-4.946018,乌龟,乌龟,dataset_split/val/乌龟/444.jpg
-21.828644,1.939861,乌龟,乌龟,dataset_split/val/乌龟/450.jpg
-22.032959,0.1919026,乌龟,乌龟,dataset_split/val/乌龟/452.jpg
-25.06112,-5.521241,乌龟,乌龟,dataset_split/val/乌龟/47.jpg
-21.567396,-3.8622491,乌龟,乌龟,dataset_split/val/乌龟/473.jpg
-18.614862,-3.7440364,乌龟,乌龟,dataset_split/val/乌龟/489.jpg
-24.894028,-1.80028,乌龟,乌龟,dataset_split/val/乌龟/492.jpg
-6.7847304,7.6953893,乌龟,乌龟,dataset_split/val/乌龟/500.jpg
-20.47303,-2.8395839,乌龟,乌龟,dataset_split/val/乌龟/51.png
-25.017107,-0.7450808,乌龟,乌龟,dataset_split/val/乌龟/54.jpg
-22.6767,-2.6180143,乌龟,乌龟,dataset_split/val/乌龟/61.jpeg
-11.659388,1.0048357,乌龟,乌龟,dataset_split/val/乌龟/63.jpg
-22.506277,-1.1681981,乌龟,乌龟,dataset_split/val/乌龟/64.jpg
-23.409645,-2.0876935,乌龟,乌龟,dataset_split/val/乌龟/75.jpg
-24.040659,-7.9941773,乌龟,乌龟,dataset_split/val/乌龟/76.jpg
-18.5291,4.116129,乌龟,乌龟,dataset_split/val/乌龟/8.png
-21.66623,-7.240419,乌龟,乌龟,dataset_split/val/乌龟/83.jpg
-17.874256,3.6854386,乌龟,乌龟,dataset_split/val/乌龟/87.jpg
-23.09175,-3.442774,乌龟,乌龟,dataset_split/val/乌龟/89.jpg
-23.491049,-2.9327683,乌龟,乌龟,dataset_split/val/乌龟/90.jpg
-17.630413,3.621741,乌龟,乌龟,dataset_split/val/乌龟/97.jpg
17.46276,9.140986,仓鼠,兔子,dataset_split/val/仓鼠/102.jpg
-1.9649978,8.369564,仓鼠,仓鼠,dataset_split/val/仓鼠/105.jpg
17.383678,8.372544,仓鼠,仓鼠,dataset_split/val/仓鼠/113.jpg
9.953271,-1.1606684,仓鼠,仓鼠,dataset_split/val/仓鼠/115.jpg
10.918635,8.794453,仓鼠,仓鼠,dataset_split/val/仓鼠/123.jpg
12.742591,9.2288265,仓鼠,仓鼠,dataset_split/val/仓鼠/124.jpg
11.910776,7.7896085,仓鼠,仓鼠,dataset_split/val/仓鼠/125.jpg
12.134126,4.694947,仓鼠,仓鼠,dataset_split/val/仓鼠/13.jpg
18.573528,4.0229397,仓鼠,仓鼠,dataset_split/val/仓鼠/130.jpg
13.738791,6.7897696,仓鼠,仓鼠,dataset_split/val/仓鼠/143.jpg
13.927466,-1.5189672,仓鼠,仓鼠,dataset_split/val/仓鼠/152.jpg
15.055483,4.4512024,仓鼠,仓鼠,dataset_split/val/仓鼠/173.jpg
9.663708,0.74748397,仓鼠,仓鼠,dataset_split/val/仓鼠/174.jpg
14.64104,4.2408686,仓鼠,仓鼠,dataset_split/val/仓鼠/185.jpeg
13.3343315,3.9669979,仓鼠,仓鼠,dataset_split/val/仓鼠/187.jpg
9.499538,1.2971498,仓鼠,仓鼠,dataset_split/val/仓鼠/190.jpg
17.300098,7.286933,仓鼠,仓鼠,dataset_split/val/仓鼠/193.jpeg
11.326989,6.7778206,仓鼠,仓鼠,dataset_split/val/仓鼠/194.jpg
10.390818,4.4901342,仓鼠,仓鼠,dataset_split/val/仓鼠/195.jpg
5.461423,-7.012313,仓鼠,猫,dataset_split/val/仓鼠/199.jpg
10.940953,1.7090105,仓鼠,仓鼠,dataset_split/val/仓鼠/204.jpg
12.741465,4.796121,仓鼠,仓鼠,dataset_split/val/仓鼠/206.jpg
11.690192,5.554561,仓鼠,仓鼠,dataset_split/val/仓鼠/210.jpg
15.688937,5.2841973,仓鼠,仓鼠,dataset_split/val/仓鼠/214.jpg
13.77813,2.342805,仓鼠,仓鼠,dataset_split/val/仓鼠/218.jpg
13.400065,1.3488718,仓鼠,仓鼠,dataset_split/val/仓鼠/220.png
14.746818,6.9644113,仓鼠,仓鼠,dataset_split/val/仓鼠/227.jpg
13.526868,3.3310056,仓鼠,仓鼠,dataset_split/val/仓鼠/230.jpg
15.538558,5.7844057,仓鼠,仓鼠,dataset_split/val/仓鼠/234.jpg
12.7935915,5.367633,仓鼠,仓鼠,dataset_split/val/仓鼠/235.png
13.154733,2.847251,仓鼠,仓鼠,dataset_split/val/仓鼠/240.jpg
16.32581,3.7093995,仓鼠,仓鼠,dataset_split/val/仓鼠/265.jpg
10.503495,7.20279,仓鼠,仓鼠,dataset_split/val/仓鼠/276.jpg
12.11692,-0.7890865,仓鼠,兔子,dataset_split/val/仓鼠/286.jpg
2.6686149,-15.029884,仓鼠,猫,dataset_split/val/仓鼠/287.jpg
10.025441,7.08992,仓鼠,仓鼠,dataset_split/val/仓鼠/288.jpg
15.041968,-1.3647074,仓鼠,仓鼠,dataset_split/val/仓鼠/292.jpg
11.4381485,4.5196414,仓鼠,仓鼠,dataset_split/val/仓鼠/295.jpg
9.227125,7.4211144,仓鼠,仓鼠,dataset_split/val/仓鼠/308.jpg
16.866299,6.177467,仓鼠,仓鼠,dataset_split/val/仓鼠/309.jpeg
20.224394,-12.900061,仓鼠,仓鼠,dataset_split/val/仓鼠/313.jpg
6.1755285,6.143563,仓鼠,仓鼠,dataset_split/val/仓鼠/318.jpg
19.888046,3.3184571,仓鼠,仓鼠,dataset_split/val/仓鼠/321.jpg
20.30922,-12.877901,仓鼠,仓鼠,dataset_split/val/仓鼠/326.jpg
10.354631,1.5776342,仓鼠,仓鼠,dataset_split/val/仓鼠/329.jpg
7.5455074,1.5059081,仓鼠,仓鼠,dataset_split/val/仓鼠/336.jpg
15.732491,8.230855,仓鼠,仓鼠,dataset_split/val/仓鼠/338.jpg
14.355544,5.4604545,仓鼠,仓鼠,dataset_split/val/仓鼠/341.jpeg
12.9904585,2.3985868,仓鼠,仓鼠,dataset_split/val/仓鼠/344.jpeg
18.049759,3.7073429,仓鼠,仓鼠,dataset_split/val/仓鼠/345.jpg
4.679382,0.6355888,仓鼠,仓鼠,dataset_split/val/仓鼠/347.jpg
15.906552,6.8176217,仓鼠,仓鼠,dataset_split/val/仓鼠/348.jpg
17.24388,0.3847298,仓鼠,仓鼠,dataset_split/val/仓鼠/35.jpg
13.41055,-1.7428766,仓鼠,仓鼠,dataset_split/val/仓鼠/352.jpg
13.378252,6.8081193,仓鼠,仓鼠,dataset_split/val/仓鼠/355.jpg
12.27909,2.717614,仓鼠,仓鼠,dataset_split/val/仓鼠/356.jpg
11.027147,3.8433938,仓鼠,仓鼠,dataset_split/val/仓鼠/366.jpg
15.370583,0.60483325,仓鼠,仓鼠,dataset_split/val/仓鼠/369.jpg
11.171657,2.7131982,仓鼠,仓鼠,dataset_split/val/仓鼠/375.jpg
4.2327247,1.4764274,仓鼠,仓鼠,dataset_split/val/仓鼠/390.jpg
13.913329,3.662347,仓鼠,仓鼠,dataset_split/val/仓鼠/4.png
18.45477,8.05188,仓鼠,仓鼠,dataset_split/val/仓鼠/400.jpg
13.482829,7.742641,仓鼠,仓鼠,dataset_split/val/仓鼠/404.jpg
6.921675,3.7953215,仓鼠,仓鼠,dataset_split/val/仓鼠/408.jpg
9.113493,3.35618,仓鼠,仓鼠,dataset_split/val/仓鼠/42.jpg
4.833031,0.71521765,仓鼠,仓鼠,dataset_split/val/仓鼠/424.jpg
6.1897993,6.3046803,仓鼠,仓鼠,dataset_split/val/仓鼠/433.jpg
15.041736,3.3118715,仓鼠,仓鼠,dataset_split/val/仓鼠/44.jpg
11.586035,1.8458662,仓鼠,仓鼠,dataset_split/val/仓鼠/444.jpg
11.557576,-0.030316954,仓鼠,仓鼠,dataset_split/val/仓鼠/449.jpg
4.823682,4.753582,仓鼠,仓鼠,dataset_split/val/仓鼠/469.jpg
17.045868,2.1436357,仓鼠,仓鼠,dataset_split/val/仓鼠/49.jpg
16.49577,5.02977,仓鼠,仓鼠,dataset_split/val/仓鼠/51.jpg
14.1996565,9.391099,仓鼠,仓鼠,dataset_split/val/仓鼠/52.jpg
14.144297,4.781685,仓鼠,仓鼠,dataset_split/val/仓鼠/58.jpeg
15.074418,7.90551,仓鼠,仓鼠,dataset_split/val/仓鼠/59.jpg
10.394152,5.6938667,仓鼠,仓鼠,dataset_split/val/仓鼠/64.jpg
15.492456,1.9649681,仓鼠,仓鼠,dataset_split/val/仓鼠/65.jpg
12.407022,3.455972,仓鼠,仓鼠,dataset_split/val/仓鼠/7.jpg
14.6399555,1.8406614,仓鼠,仓鼠,dataset_split/val/仓鼠/71.jpg
17.802916,6.104848,仓鼠,仓鼠,dataset_split/val/仓鼠/73.jpg
8.633392,4.711818,仓鼠,仓鼠,dataset_split/val/仓鼠/76.jpg
13.495144,5.742621,仓鼠,仓鼠,dataset_split/val/仓鼠/8.png
13.983634,5.1244683,仓鼠,仓鼠,dataset_split/val/仓鼠/86.jpg
12.22343,1.4165983,仓鼠,仓鼠,dataset_split/val/仓鼠/89.jpg
11.962684,4.3467817,仓鼠,仓鼠,dataset_split/val/仓鼠/93.jpg
11.24282,7.894213,仓鼠,仓鼠,dataset_split/val/仓鼠/94.jpg
8.308772,-6.881477,兔子,兔子,dataset_split/val/兔子/15.jpg
22.842821,-2.956182,兔子,兔子,dataset_split/val/兔子/163.jpg
13.778496,-8.5072365,兔子,兔子,dataset_split/val/兔子/166.jpg
21.457058,-4.8019304,兔子,兔子,dataset_split/val/兔子/171.jpg
16.603579,-3.1235676,兔子,兔子,dataset_split/val/兔子/173.jpg
14.086425,-6.845556,兔子,兔子,dataset_split/val/兔子/182.jpg
21.28784,-6.5783906,兔子,兔子,dataset_split/val/兔子/184.jpg
20.59628,-2.694359,兔子,兔子,dataset_split/val/兔子/191.jpg
12.974203,-7.8354015,兔子,兔子,dataset_split/val/兔子/194.jpg
23.069096,-5.0995383,兔子,兔子,dataset_split/val/兔子/195.jpg
12.226763,-7.5365005,兔子,兔子,dataset_split/val/兔子/197.jpg
20.769917,-3.9622612,兔子,兔子,dataset_split/val/兔子/198.jpg
15.222001,-8.169449,兔子,兔子,dataset_split/val/兔子/202.jpg
15.165956,-9.606605,兔子,兔子,dataset_split/val/兔子/204.jpg
21.88464,-4.798367,兔子,兔子,dataset_split/val/兔子/205.jpg
19.099318,-6.2681766,兔子,兔子,dataset_split/val/兔子/206.jpg
18.138315,-4.392634,兔子,兔子,dataset_split/val/兔子/209.jpg
9.718866,-4.217013,兔子,兔子,dataset_split/val/兔子/212.jpg
19.272993,-6.4242635,兔子,兔子,dataset_split/val/兔子/225.jpg
12.841634,-8.104824,兔子,兔子,dataset_split/val/兔子/226.jpg
16.3174,-0.98434603,兔子,兔子,dataset_split/val/兔子/233.jpg
16.29022,-3.7343254,兔子,兔子,dataset_split/val/兔子/234.jpg
20.086117,-5.4756293,兔子,兔子,dataset_split/val/兔子/235.jpg
16.411762,-4.656879,兔子,兔子,dataset_split/val/兔子/236.png
19.287205,-7.7733865,兔子,兔子,dataset_split/val/兔子/240.jpg
6.2118535,-23.046597,兔子,狗,dataset_split/val/兔子/241.jpg
14.640926,-9.591709,兔子,兔子,dataset_split/val/兔子/25.jpeg
17.23971,-3.71134,兔子,兔子,dataset_split/val/兔子/254.jpg
20.551783,-2.448735,兔子,兔子,dataset_split/val/兔子/267.jpg
20.64318,-0.5965443,兔子,兔子,dataset_split/val/兔子/273.jpg
22.508373,-3.811873,兔子,兔子,dataset_split/val/兔子/278.jpg
21.881882,-6.0375834,兔子,兔子,dataset_split/val/兔子/279.jpg
19.515833,-4.5445657,兔子,兔子,dataset_split/val/兔子/284.jpg
19.707138,-3.7803466,兔子,兔子,dataset_split/val/兔子/285.jpg
17.800135,-2.2404673,兔子,兔子,dataset_split/val/兔子/286.jpg
24.055714,-5.243594,兔子,兔子,dataset_split/val/兔子/289.jpg
12.503734,-9.900093,兔子,兔子,dataset_split/val/兔子/292.jpg
7.6940713,-0.6548984,兔子,兔子,dataset_split/val/兔子/295.jpg
20.038406,-4.556184,兔子,兔子,dataset_split/val/兔子/298.jpg
21.355904,-3.908323,兔子,兔子,dataset_split/val/兔子/307.jpg
19.241066,-2.9856803,兔子,兔子,dataset_split/val/兔子/315.jpg
15.041897,-0.46958357,兔子,兔子,dataset_split/val/兔子/328.jpg
21.771507,-3.631515,兔子,兔子,dataset_split/val/兔子/33.jpg
20.541492,-3.7388823,兔子,兔子,dataset_split/val/兔子/330.jpg
17.993484,-5.0471287,兔子,兔子,dataset_split/val/兔子/336.jpg
12.16037,-6.064764,兔子,兔子,dataset_split/val/兔子/340.jpg
9.059828,-2.2223034,兔子,兔子,dataset_split/val/兔子/341.jpg
21.431261,-2.365481,兔子,兔子,dataset_split/val/兔子/375.jpg
11.955713,-3.5194612,兔子,兔子,dataset_split/val/兔子/40.jpg
4.135848,4.6081176,兔子,狗,dataset_split/val/兔子/403.jpg
3.106944,1.0166414,兔子,猫,dataset_split/val/兔子/487.jpg
20.370998,-6.728415,兔子,兔子,dataset_split/val/兔子/50.jpeg
17.395182,-7.5110383,兔子,兔子,dataset_split/val/兔子/65.jpg
19.062212,-6.4227514,兔子,兔子,dataset_split/val/兔子/83.jpg
15.640036,-4.023918,兔子,兔子,dataset_split/val/兔子/84.jpeg
13.729199,-6.862542,兔子,兔子,dataset_split/val/兔子/9.jpg
3.27707,-2.2806168,兔子,仓鼠,dataset_split/val/兔子/91.jpg
13.465613,0.39330408,兔子,仓鼠,dataset_split/val/兔子/92.jpeg
15.570181,-7.2282357,兔子,兔子,dataset_split/val/兔子/93.jpg
14.577067,-9.97779,兔子,狗,dataset_split/val/兔子/97.jpg
10.18594,-26.765633,狗,狗,dataset_split/val/狗/108.jpg
15.816274,-14.082963,狗,狗,dataset_split/val/狗/109.jpg
14.059978,-17.533512,狗,狗,dataset_split/val/狗/110.jpg
9.324367,-20.406015,狗,狗,dataset_split/val/狗/112.jpg
3.1765404,-18.438044,狗,狗,dataset_split/val/狗/117.jpg
5.6027584,-22.523268,狗,狗,dataset_split/val/狗/132.jpeg
9.680792,-24.09165,狗,狗,dataset_split/val/狗/144.jpg
10.17897,-26.699963,狗,狗,dataset_split/val/狗/145.jpeg
19.711782,-13.033204,狗,狗,dataset_split/val/狗/146.jpg
6.852654,-18.931005,狗,狗,dataset_split/val/狗/15.jpg
7.927353,-24.196486,狗,狗,dataset_split/val/狗/153.jpg
7.4007964,-26.482706,狗,狗,dataset_split/val/狗/170.jpg
7.689427,-15.507656,狗,狗,dataset_split/val/狗/184.jpg
10.617502,-15.653152,狗,狗,dataset_split/val/狗/185.jpg
7.054784,-13.462259,狗,狗,dataset_split/val/狗/189.jpg
9.711033,-13.5896225,狗,狗,dataset_split/val/狗/190.jpeg
12.570151,-21.343962,狗,狗,dataset_split/val/狗/192.jpg
13.734456,-23.148853,狗,狗,dataset_split/val/狗/193.jpeg
5.8677125,-17.392126,狗,狗,dataset_split/val/狗/194.jpg
8.497173,-19.46037,狗,狗,dataset_split/val/狗/198.jpg
9.897999,-18.833805,狗,狗,dataset_split/val/狗/2.jpg
5.5786357,-22.10237,狗,狗,dataset_split/val/狗/211.jpg
10.8372965,-19.64338,狗,狗,dataset_split/val/狗/212.jpg
7.0898423,-12.2874775,狗,狗,dataset_split/val/狗/232.jpg
10.002315,-13.986193,狗,狗,dataset_split/val/狗/238.jpg
9.690138,-22.575457,狗,狗,dataset_split/val/狗/243.jpg
0.62127995,2.4715235,狗,狗,dataset_split/val/狗/245.jpeg
10.109662,-11.907513,狗,狗,dataset_split/val/狗/247.jpg
9.389644,-12.579104,狗,狗,dataset_split/val/狗/255.jpg
10.0733795,-20.895514,狗,狗,dataset_split/val/狗/262.jpg
6.927244,-19.477419,狗,狗,dataset_split/val/狗/264.jpg
11.0447855,-18.81334,狗,狗,dataset_split/val/狗/269.jpg
4.8717494,-23.548141,狗,狗,dataset_split/val/狗/27.jpg
14.7546,-20.484236,狗,狗,dataset_split/val/狗/273.jpg
10.871185,-19.118748,狗,狗,dataset_split/val/狗/274.jpg
2.0858448,-21.143816,狗,狗,dataset_split/val/狗/277.jpg
3.9514863,-24.177599,狗,狗,dataset_split/val/狗/285.jpg
11.198907,-21.027313,狗,狗,dataset_split/val/狗/287.jpg
7.072564,-17.362745,狗,狗,dataset_split/val/狗/289.jpg
12.144359,-23.667883,狗,狗,dataset_split/val/狗/293.jpg
8.298866,-22.883705,狗,狗,dataset_split/val/狗/299.jpg
4.170524,-23.37945,狗,狗,dataset_split/val/狗/3.jpg
7.8415627,-21.142117,狗,狗,dataset_split/val/狗/300.jpg
10.015225,-19.825775,狗,狗,dataset_split/val/狗/302.jpg
11.787813,-19.807621,狗,狗,dataset_split/val/狗/304.jpg
4.89662,-25.132391,狗,狗,dataset_split/val/狗/306.jpg
10.141032,-21.944077,狗,狗,dataset_split/val/狗/309.jpg
13.7750025,-12.127939,狗,狗,dataset_split/val/狗/321.jpeg
13.606723,-18.505709,狗,狗,dataset_split/val/狗/322.jpg
2.3851686,-19.668076,狗,狗,dataset_split/val/狗/33.jpg
10.58793,-15.779742,狗,狗,dataset_split/val/狗/333.jpeg
15.038827,-20.252483,狗,狗,dataset_split/val/狗/338.jpg
2.1532712,-19.448893,狗,狗,dataset_split/val/狗/347.jpg
14.943041,-20.412586,狗,狗,dataset_split/val/狗/350.jpg
1.8311262,-1.3979253,狗,狗,dataset_split/val/狗/358.jpeg
5.3347635,-21.017315,狗,狗,dataset_split/val/狗/359.jpg
15.486205,-5.175797,狗,狗,dataset_split/val/狗/360.jpg
10.043511,-13.901288,狗,狗,dataset_split/val/狗/372.jpg
1.0752478,-19.981606,狗,狗,dataset_split/val/狗/378.jpeg
7.167499,-17.041489,狗,狗,dataset_split/val/狗/382.jpg
9.129487,-12.039918,狗,狗,dataset_split/val/狗/393.jpg
9.717245,-16.494087,狗,狗,dataset_split/val/狗/395.jpg
4.3769255,-17.730053,狗,狗,dataset_split/val/狗/397.jpg
11.876158,-23.187683,狗,狗,dataset_split/val/狗/401.jpg
9.287038,-12.399038,狗,狗,dataset_split/val/狗/402.jpg
13.93237,-17.945906,狗,狗,dataset_split/val/狗/403.jpg
10.302009,-14.9452095,狗,狗,dataset_split/val/狗/406.jpg
8.771916,-21.919926,狗,狗,dataset_split/val/狗/413.jpg
12.390862,-20.614374,狗,狗,dataset_split/val/狗/415.jpg
10.992512,-22.94086,狗,狗,dataset_split/val/狗/418.jpg
3.5133312,-15.556461,狗,狗,dataset_split/val/狗/429.jpg
5.6094375,-20.729118,狗,狗,dataset_split/val/狗/433.jpg
9.387822,-19.978127,狗,狗,dataset_split/val/狗/439.jpeg
5.3479624,-24.75318,狗,狗,dataset_split/val/狗/443.jpg
16.320276,-13.896267,狗,狗,dataset_split/val/狗/446.jpg
16.320282,-13.896296,狗,狗,dataset_split/val/狗/447.jpg
8.430342,-20.35226,狗,狗,dataset_split/val/狗/448.jpg
8.886471,-21.8466,狗,狗,dataset_split/val/狗/45.jpg
13.615514,-11.153983,狗,狗,dataset_split/val/狗/459.jpeg
4.772605,-23.350815,狗,狗,dataset_split/val/狗/466.jpg
11.446248,-16.0733,狗,狗,dataset_split/val/狗/474.jpg
2.1347277,-20.855213,狗,狗,dataset_split/val/狗/483.jpg
10.198185,-20.23113,狗,狗,dataset_split/val/狗/495.jpg
7.4943976,-11.40304,狗,仓鼠,dataset_split/val/狗/496.jpg
6.311507,-22.008623,狗,狗,dataset_split/val/狗/5.jpg
7.2793574,-15.356533,狗,狗,dataset_split/val/狗/51.jpg
8.281443,-17.752934,狗,狗,dataset_split/val/狗/54.jpg
7.2493653,-23.850157,狗,狗,dataset_split/val/狗/57.jpg
6.84201,-12.254437,狗,狗,dataset_split/val/狗/66.jpg
5.368367,-20.204863,狗,狗,dataset_split/val/狗/67.jpg
-1.652729,1.8261113,狗,狗,dataset_split/val/狗/73.jpg
-2.2435005,2.1697197,狗,狗,dataset_split/val/狗/76.jpg
3.742294,-20.889666,狗,狗,dataset_split/val/狗/87.jpg
8.313632,-18.7931,狗,狗,dataset_split/val/狗/88.jpg
5.029706,-14.8533945,狗,狗,dataset_split/val/狗/98.jpg
3.359696,-18.402473,狗,狗,dataset_split/val/狗/99.jpg
-1.0994868,-10.823485,猫,猫,dataset_split/val/猫/103.jpg
-2.658086,-6.8579426,猫,猫,dataset_split/val/猫/107.jpg
-0.6836694,-13.422592,猫,猫,dataset_split/val/猫/109.jpg
-2.4574156,-7.0782337,猫,猫,dataset_split/val/猫/110.jpg
-2.1569824,-7.328068,猫,猫,dataset_split/val/猫/112.jpg
5.0109134,-5.732156,猫,猫,dataset_split/val/猫/115.jpg
-2.8754919,-5.3767295,猫,猫,dataset_split/val/猫/127.jpg
-1.1418048,-13.724934,猫,猫,dataset_split/val/猫/129.jpg
6.5774007,-7.237652,猫,猫,dataset_split/val/猫/134.jpg
3.6007674,-12.517232,猫,猫,dataset_split/val/猫/138.jpg
-1.6406974,-3.3191152,猫,猫,dataset_split/val/猫/14.jpg
2.5987597,-5.520374,猫,猫,dataset_split/val/猫/143.jpg
2.2805643,-10.60776,猫,猫,dataset_split/val/猫/144.jpg
6.8833413,-3.9880908,猫,猫,dataset_split/val/猫/147.jpg
-3.7999566,-9.896689,猫,猫,dataset_split/val/猫/155.jpg
3.837233,-10.484924,猫,猫,dataset_split/val/猫/156.jpg
-1.1272612,-5.958427,猫,猫,dataset_split/val/猫/160.jpg
-4.854809,-6.0169024,猫,猫,dataset_split/val/猫/164.jpg
-1.820607,-7.287845,猫,猫,dataset_split/val/猫/165.jpg
-3.6552422,-2.569543,猫,猫,dataset_split/val/猫/17.png
-1.3633147,-4.5777097,猫,猫,dataset_split/val/猫/175.jpg
0.71172935,-5.7973804,猫,猫,dataset_split/val/猫/181.jpg
-0.5443262,-6.6878014,猫,猫,dataset_split/val/猫/184.jpg
4.0852065,-6.911638,猫,猫,dataset_split/val/猫/186.jpg
-2.3361306,-5.822228,猫,猫,dataset_split/val/猫/187.jpg
-0.21408148,-5.204533,猫,猫,dataset_split/val/猫/190.jpg
5.236669,-9.349728,猫,猫,dataset_split/val/猫/194.jpg
-4.090886,-5.5657725,猫,猫,dataset_split/val/猫/20.jpg
-1.3012034,-8.006176,猫,猫,dataset_split/val/猫/206.jpg
-1.073911,-1.0419294,猫,猫,dataset_split/val/猫/208.jpg
2.292673,-7.489822,猫,猫,dataset_split/val/猫/217.jpg
1.6660047,-6.816562,猫,猫,dataset_split/val/猫/220.jpg
0.48932385,-7.362776,猫,猫,dataset_split/val/猫/221.jpg
-0.16100283,-6.617178,猫,猫,dataset_split/val/猫/224.jpg
1.3372704,-3.1083937,猫,猫,dataset_split/val/猫/245.jpg
2.9702861,-6.7426786,猫,猫,dataset_split/val/猫/248.jpg
2.5908186,-6.2368007,猫,猫,dataset_split/val/猫/250.jpg
-0.055124268,-8.054831,猫,猫,dataset_split/val/猫/255.jpg
0.44509786,-6.286635,猫,猫,dataset_split/val/猫/26.jpeg
3.6025445,-9.334871,猫,猫,dataset_split/val/猫/264.jpg
0.83382523,1.1123412,猫,狗,dataset_split/val/猫/269.jpg
0.90192974,-10.296701,猫,猫,dataset_split/val/猫/272.jpg
-0.2088081,-4.8157034,猫,猫,dataset_split/val/猫/277.jpg
9.296,-4.445214,猫,猫,dataset_split/val/猫/282.jpg
3.3554692,-5.1014085,猫,猫,dataset_split/val/猫/290.jpg
1.0919179,-8.759219,猫,猫,dataset_split/val/猫/292.jpg
0.1097393,-3.5020254,猫,猫,dataset_split/val/猫/300.jpg
-4.8382196,-12.395493,猫,猫,dataset_split/val/猫/306.jpg
-3.7291515,-6.709971,猫,猫,dataset_split/val/猫/307.jpg
-0.83384734,-7.90201,猫,猫,dataset_split/val/猫/32.jpg
4.6833267,-3.0725844,猫,猫,dataset_split/val/猫/35.png
3.8999465,-4.9784107,猫,猫,dataset_split/val/猫/350.jpg
9.101425,-10.803693,猫,猫,dataset_split/val/猫/360.jpg
-1.0922395,-9.605746,猫,猫,dataset_split/val/猫/362.jpg
6.0284877,-1.4322937,猫,猫,dataset_split/val/猫/369.jpg
-2.40047,-4.9587474,猫,猫,dataset_split/val/猫/370.jpg
1.8100426,-8.224171,猫,猫,dataset_split/val/猫/375.jpg
-1.5789343,-11.165399,猫,猫,dataset_split/val/猫/378.jpg
1.8056453,-9.635056,猫,猫,dataset_split/val/猫/38.jpg
2.9388275,-8.24495,猫,猫,dataset_split/val/猫/380.jpg
3.5919688,-7.662445,猫,猫,dataset_split/val/猫/381.jpg
1.5767386,-11.611203,猫,猫,dataset_split/val/猫/382.jpg
-2.8301976,-8.107699,猫,猫,dataset_split/val/猫/384.jpg
6.8471513,-8.366569,猫,猫,dataset_split/val/猫/388.jpg
0.9411648,-5.8673325,猫,猫,dataset_split/val/猫/399.jpg
-4.033501,-9.010295,猫,猫,dataset_split/val/猫/40.png
1.2262229,-4.998504,猫,猫,dataset_split/val/猫/403.jpg
5.491696,-0.8825626,猫,猫,dataset_split/val/猫/405.jpg
0.7246604,-7.6245275,猫,猫,dataset_split/val/猫/421.jpg
0.5796983,-9.680989,猫,猫,dataset_split/val/猫/427.jpg
7.906304,-2.872531,猫,仓鼠,dataset_split/val/猫/428.jpg
-0.1606973,-6.0484924,猫,猫,dataset_split/val/猫/429.jpg
4.928825,-6.679343,猫,猫,dataset_split/val/猫/436.jpg
0.4073275,-13.36361,猫,猫,dataset_split/val/猫/455.jpg
6.07423,-6.293357,猫,猫,dataset_split/val/猫/460.jpg
6.284333,-5.440022,猫,猫,dataset_split/val/猫/465.jpg
2.4497812,-9.264922,猫,猫,dataset_split/val/猫/466.jpg
4.7633977,-8.187624,猫,猫,dataset_split/val/猫/469.jpg
-4.918712,-7.5239844,猫,猫,dataset_split/val/猫/473.jpg
2.5216775,-4.411586,猫,猫,dataset_split/val/猫/479.jpg
1.4477534,-4.268101,猫,猫,dataset_split/val/猫/5.jpg
4.6679635,-7.856209,猫,猫,dataset_split/val/猫/50.jpg
6.1242347,-9.346656,猫,猫,dataset_split/val/猫/54.jpg
-0.020398702,-8.6687,猫,猫,dataset_split/val/猫/61.jpg
-1.3811822,-8.955061,猫,猫,dataset_split/val/猫/69.jpg
-2.871695,-10.198649,猫,猫,dataset_split/val/猫/76.jpg
-3.9116628,-12.220089,猫,猫,dataset_split/val/猫/78.jpg
1.8007882,-6.955112,猫,猫,dataset_split/val/猫/83.jpg
-3.3753784,-7.3571835,猫,猫,dataset_split/val/猫/85.jpg
6.0059414,-8.768442,猫,猫,dataset_split/val/猫/92.jpg
0.0058732703,-10.89957,猫,猫,dataset_split/val/猫/96.jpg
-21.368765,15.335465,金鱼,金鱼,dataset_split/val/金鱼/101.jpg
-10.084173,6.1489344,金鱼,金鱼,dataset_split/val/金鱼/115.jpg
-13.52427,16.103628,金鱼,金鱼,dataset_split/val/金鱼/124.png
-17.22674,14.890408,金鱼,金鱼,dataset_split/val/金鱼/129.jpeg
-9.928658,6.2273564,金鱼,金鱼,dataset_split/val/金鱼/142.jpg
-18.126772,18.352713,金鱼,金鱼,dataset_split/val/金鱼/15.jpg
-16.662159,17.094582,金鱼,金鱼,dataset_split/val/金鱼/159.jpeg
-2.3587558,19.646606,金鱼,鹦鹉,dataset_split/val/金鱼/16.jpg
-22.737457,16.26571,金鱼,金鱼,dataset_split/val/金鱼/169.jpg
-21.412237,15.611757,金鱼,金鱼,dataset_split/val/金鱼/170.jpg
-19.095133,15.471022,金鱼,金鱼,dataset_split/val/金鱼/171.jpg
-20.843765,16.079165,金鱼,金鱼,dataset_split/val/金鱼/182.jpg
-18.926634,14.782831,金鱼,金鱼,dataset_split/val/金鱼/190.jpg
-19.621593,17.256563,金鱼,金鱼,dataset_split/val/金鱼/192.jpg
-21.057032,16.573761,金鱼,金鱼,dataset_split/val/金鱼/194.jpg
-19.534605,15.879802,金鱼,金鱼,dataset_split/val/金鱼/195.png
-18.141558,16.52468,金鱼,金鱼,dataset_split/val/金鱼/197.jpg
-22.301182,17.085812,金鱼,金鱼,dataset_split/val/金鱼/203.jpg
-20.581022,15.751787,金鱼,金鱼,dataset_split/val/金鱼/206.jpg
-20.01233,12.936216,金鱼,金鱼,dataset_split/val/金鱼/217.jpg
-22.417076,13.177219,金鱼,金鱼,dataset_split/val/金鱼/219.jpg
-20.922043,14.142648,金鱼,金鱼,dataset_split/val/金鱼/220.jpg
-15.829269,13.934012,金鱼,金鱼,dataset_split/val/金鱼/221.jpg
-22.000065,16.196356,金鱼,金鱼,dataset_split/val/金鱼/228.jpg
-14.915124,10.187916,金鱼,金鱼,dataset_split/val/金鱼/238.jpg
-16.678507,8.675651,金鱼,金鱼,dataset_split/val/金鱼/250.jpg
-18.060179,15.739993,金鱼,金鱼,dataset_split/val/金鱼/254.jpeg
-18.398775,14.289991,金鱼,金鱼,dataset_split/val/金鱼/266.png
-20.9766,13.725099,金鱼,金鱼,dataset_split/val/金鱼/271.jpeg
-17.940058,13.935908,金鱼,金鱼,dataset_split/val/金鱼/272.jpg
-20.265676,14.815357,金鱼,金鱼,dataset_split/val/金鱼/273.jpg
-19.44282,13.757538,金鱼,金鱼,dataset_split/val/金鱼/282.jpg
-15.723743,12.736333,金鱼,金鱼,dataset_split/val/金鱼/288.jpg
-18.487822,10.00303,金鱼,金鱼,dataset_split/val/金鱼/304.jpg
-22.527666,12.838894,金鱼,金鱼,dataset_split/val/金鱼/308.jpg
-14.582903,16.271843,金鱼,金鱼,dataset_split/val/金鱼/309.jpeg
-15.973634,8.033675,金鱼,金鱼,dataset_split/val/金鱼/310.jpg
-14.585918,10.567297,金鱼,金鱼,dataset_split/val/金鱼/311.jpg
-13.05061,14.266438,金鱼,金鱼,dataset_split/val/金鱼/314.jpg
-19.745604,18.192009,金鱼,金鱼,dataset_split/val/金鱼/321.jpg
-19.804283,13.909799,金鱼,金鱼,dataset_split/val/金鱼/325.jpg
-17.25899,14.137147,金鱼,金鱼,dataset_split/val/金鱼/34.jpg
-17.502623,12.609191,金鱼,金鱼,dataset_split/val/金鱼/35.jpg
-18.442043,10.192904,金鱼,金鱼,dataset_split/val/金鱼/353.jpg
-16.336166,16.51948,金鱼,金鱼,dataset_split/val/金鱼/359.jpg
-13.938516,9.885928,金鱼,鹦鹉,dataset_split/val/金鱼/363.jpg
-23.654423,14.199869,金鱼,金鱼,dataset_split/val/金鱼/37.jpg
-19.963116,11.933929,金鱼,金鱼,dataset_split/val/金鱼/381.jpg
-18.722116,10.547954,金鱼,金鱼,dataset_split/val/金鱼/423.jpg
-15.675403,15.112019,金鱼,金鱼,dataset_split/val/金鱼/447.jpg
-15.178679,14.989879,金鱼,金鱼,dataset_split/val/金鱼/46.jpg
-16.338434,9.721004,金鱼,金鱼,dataset_split/val/金鱼/465.jpg
-19.657665,17.033192,金鱼,金鱼,dataset_split/val/金鱼/467.png
-15.877325,9.285872,金鱼,金鱼,dataset_split/val/金鱼/468.jpg
-18.825703,12.548079,金鱼,金鱼,dataset_split/val/金鱼/478.jpg
-11.624452,5.750594,金鱼,金鱼,dataset_split/val/金鱼/486.jpg
-15.835413,15.308087,金鱼,金鱼,dataset_split/val/金鱼/50.jpg
-17.91358,16.705503,金鱼,金鱼,dataset_split/val/金鱼/57.jpeg
-12.382697,12.307263,金鱼,金鱼,dataset_split/val/金鱼/61.jpg
-21.26539,17.916677,金鱼,金鱼,dataset_split/val/金鱼/62.jpg
-17.75012,18.853739,金鱼,金鱼,dataset_split/val/金鱼/64.jpg
-14.711617,18.36739,金鱼,金鱼,dataset_split/val/金鱼/66.jpg
-15.680833,15.937998,金鱼,金鱼,dataset_split/val/金鱼/71.png
-23.410635,14.06166,金鱼,金鱼,dataset_split/val/金鱼/72.jpg
-16.382372,13.392068,金鱼,金鱼,dataset_split/val/金鱼/75.jpg
-22.863007,11.963526,金鱼,金鱼,dataset_split/val/金鱼/77.jpg
-14.317646,17.219946,金鱼,金鱼,dataset_split/val/金鱼/93.jpg
-6.772167,23.363434,鹦鹉,鹦鹉,dataset_split/val/鹦鹉/101.png
-4.436663,14.628832,鹦鹉,鹦鹉,dataset_split/val/鹦鹉/108.jpg
-3.918926,22.117184,鹦鹉,鹦鹉,dataset_split/val/鹦鹉/110.jpg
-2.6962187,10.126731,鹦鹉,鹦鹉,dataset_split/val/鹦鹉/116.jpeg
-4.3997245,13.49813,鹦鹉,鹦鹉,dataset_split/val/鹦鹉/119.jpg
-2.5001717,22.293463,鹦鹉,鹦鹉,dataset_split/val/鹦鹉/12.jpg
-9.599038,15.525216,鹦鹉,鹦鹉,dataset_split/val/鹦鹉/121.jpg
-5.504658,25.16698,鹦鹉,鹦鹉,dataset_split/val/鹦鹉/125.jpg
-7.1127257,11.537664,鹦鹉,鹦鹉,dataset_split/val/鹦鹉/127.jpg
-2.3250155,8.974363,鹦鹉,仓鼠,dataset_split/val/鹦鹉/128.jpg
-6.175177,12.996692,鹦鹉,鹦鹉,dataset_split/val/鹦鹉/129.jpg
-6.1623564,8.670025,鹦鹉,鹦鹉,dataset_split/val/鹦鹉/137.jpg
-1.9164753,16.948816,鹦鹉,鹦鹉,dataset_split/val/鹦鹉/14.jpg
-6.5843415,12.377326,鹦鹉,鹦鹉,dataset_split/val/鹦鹉/148.jpg
-5.198864,13.6002245,鹦鹉,鹦鹉,dataset_split/val/鹦鹉/15.jpg
0.8054808,12.784355,鹦鹉,鹦鹉,dataset_split/val/鹦鹉/151.jpg
-2.6602497,21.58681,鹦鹉,鹦鹉,dataset_split/val/鹦鹉/175.jpg
-10.740583,23.35342,鹦鹉,鹦鹉,dataset_split/val/鹦鹉/180.jpg
-5.1771207,19.122837,鹦鹉,鹦鹉,dataset_split/val/鹦鹉/184.jpg
-11.439455,24.005054,鹦鹉,鹦鹉,dataset_split/val/鹦鹉/185.jpg
-8.881069,23.617226,鹦鹉,鹦鹉,dataset_split/val/鹦鹉/187.jpg
-5.9981084,15.258328,鹦鹉,鹦鹉,dataset_split/val/鹦鹉/19.png
-5.249198,19.07011,鹦鹉,鹦鹉,dataset_split/val/鹦鹉/190.jpg
-3.858919,19.15649,鹦鹉,鹦鹉,dataset_split/val/鹦鹉/198.jpg
-7.004405,19.338074,鹦鹉,鹦鹉,dataset_split/val/鹦鹉/209.jpg
-6.0588956,19.81832,鹦鹉,鹦鹉,dataset_split/val/鹦鹉/210.jpg
-9.541795,19.869442,鹦鹉,鹦鹉,dataset_split/val/鹦鹉/211.jpg
-5.5797734,17.145435,鹦鹉,鹦鹉,dataset_split/val/鹦鹉/212.jpg
-7.960854,24.417398,鹦鹉,鹦鹉,dataset_split/val/鹦鹉/218.jpg
-8.316477,18.643623,鹦鹉,鹦鹉,dataset_split/val/鹦鹉/22.jpg
-6.417463,20.239223,鹦鹉,鹦鹉,dataset_split/val/鹦鹉/222.jpg
-8.870684,18.514807,鹦鹉,鹦鹉,dataset_split/val/鹦鹉/224.jpg
-4.020488,20.097187,鹦鹉,鹦鹉,dataset_split/val/鹦鹉/23.jpg
-9.95726,18.42496,鹦鹉,鹦鹉,dataset_split/val/鹦鹉/234.jpg
-7.9108224,22.716602,鹦鹉,鹦鹉,dataset_split/val/鹦鹉/236.jpg
-8.68904,17.727837,鹦鹉,鹦鹉,dataset_split/val/鹦鹉/237.jpg
-11.530089,24.096663,鹦鹉,鹦鹉,dataset_split/val/鹦鹉/241.jpg
-7.7220273,16.515474,鹦鹉,鹦鹉,dataset_split/val/鹦鹉/254.jpg
-4.0899773,22.278656,鹦鹉,鹦鹉,dataset_split/val/鹦鹉/256.jpg
-6.3592525,20.703857,鹦鹉,鹦鹉,dataset_split/val/鹦鹉/269.jpg
-8.946839,21.033587,鹦鹉,鹦鹉,dataset_split/val/鹦鹉/270.jpg
-8.280506,20.880997,鹦鹉,鹦鹉,dataset_split/val/鹦鹉/276.jpg
-1.2490084,21.261644,鹦鹉,鹦鹉,dataset_split/val/鹦鹉/28.jpg
-5.69228,22.482353,鹦鹉,鹦鹉,dataset_split/val/鹦鹉/280.jpg
-7.78134,19.547272,鹦鹉,鹦鹉,dataset_split/val/鹦鹉/283.jpg
-0.40516296,18.274267,鹦鹉,鹦鹉,dataset_split/val/鹦鹉/292.jpg
-6.132836,21.180616,鹦鹉,鹦鹉,dataset_split/val/鹦鹉/293.jpg
-6.4545717,24.077446,鹦鹉,鹦鹉,dataset_split/val/鹦鹉/300.jpg
-6.2784286,17.09847,鹦鹉,鹦鹉,dataset_split/val/鹦鹉/301.jpg
-8.495988,16.782692,鹦鹉,鹦鹉,dataset_split/val/鹦鹉/305.jpg
-7.436735,17.68352,鹦鹉,鹦鹉,dataset_split/val/鹦鹉/313.jpg
-6.055728,18.37193,鹦鹉,鹦鹉,dataset_split/val/鹦鹉/316.jpg
-3.7566712,15.140825,鹦鹉,鹦鹉,dataset_split/val/鹦鹉/327.jpg
-5.4051065,20.098614,鹦鹉,鹦鹉,dataset_split/val/鹦鹉/329.jpg
-5.615719,18.192474,鹦鹉,鹦鹉,dataset_split/val/鹦鹉/336.jpg
-7.4785666,15.059012,鹦鹉,鹦鹉,dataset_split/val/鹦鹉/343.jpg
-6.9093924,17.742628,鹦鹉,鹦鹉,dataset_split/val/鹦鹉/344.jpg
-1.9894792,12.126001,鹦鹉,鹦鹉,dataset_split/val/鹦鹉/347.jpg
-6.1810207,16.633057,鹦鹉,鹦鹉,dataset_split/val/鹦鹉/358.jpg
-6.940829,24.600536,鹦鹉,鹦鹉,dataset_split/val/鹦鹉/36.jpg
-1.7678477,12.621549,鹦鹉,鹦鹉,dataset_split/val/鹦鹉/360.jpg
-5.3615866,21.433105,鹦鹉,鹦鹉,dataset_split/val/鹦鹉/366.jpg
-11.337668,20.601433,鹦鹉,鹦鹉,dataset_split/val/鹦鹉/38.jpeg
-5.138258,17.220623,鹦鹉,鹦鹉,dataset_split/val/鹦鹉/380.jpg
-5.462983,13.332061,鹦鹉,鹦鹉,dataset_split/val/鹦鹉/384.jpg
-4.5640717,17.706308,鹦鹉,鹦鹉,dataset_split/val/鹦鹉/388.jpg
-2.6663756,12.362278,鹦鹉,鹦鹉,dataset_split/val/鹦鹉/39.jpg
-5.8832784,14.709156,鹦鹉,鹦鹉,dataset_split/val/鹦鹉/394.jpg
-5.4659047,25.2846,鹦鹉,鹦鹉,dataset_split/val/鹦鹉/395.jpg
-7.878749,14.470987,鹦鹉,鹦鹉,dataset_split/val/鹦鹉/401.jpg
-4.569963,15.6427965,鹦鹉,鹦鹉,dataset_split/val/鹦鹉/405.jpg
-10.020831,17.214037,鹦鹉,鹦鹉,dataset_split/val/鹦鹉/420.jpg
0.49543172,17.990091,鹦鹉,鹦鹉,dataset_split/val/鹦鹉/422.jpg
-7.354039,11.537448,鹦鹉,鹦鹉,dataset_split/val/鹦鹉/427.jpg
-4.666513,20.13561,鹦鹉,鹦鹉,dataset_split/val/鹦鹉/431.jpg
-7.4128733,15.024097,鹦鹉,鹦鹉,dataset_split/val/鹦鹉/432.jpg
-1.4855741,12.21741,鹦鹉,鹦鹉,dataset_split/val/鹦鹉/441.jpg
-1.6361037,15.849567,鹦鹉,鹦鹉,dataset_split/val/鹦鹉/442.jpg
-7.3746076,20.33015,鹦鹉,鹦鹉,dataset_split/val/鹦鹉/443.jpg
-9.520183,22.325848,鹦鹉,鹦鹉,dataset_split/val/鹦鹉/453.jpg
-4.703056,16.176952,鹦鹉,鹦鹉,dataset_split/val/鹦鹉/454.jpg
-6.7767725,18.99557,鹦鹉,鹦鹉,dataset_split/val/鹦鹉/455.jpg
-11.101129,19.833199,鹦鹉,鹦鹉,dataset_split/val/鹦鹉/46.png
-8.728209,24.415953,鹦鹉,鹦鹉,dataset_split/val/鹦鹉/461.jpg
-7.662911,22.620758,鹦鹉,鹦鹉,dataset_split/val/鹦鹉/466.jpg
-5.5478177,16.00998,鹦鹉,鹦鹉,dataset_split/val/鹦鹉/47.jpg
-7.7974386,21.57928,鹦鹉,鹦鹉,dataset_split/val/鹦鹉/494.jpg
-2.4529755,14.698789,鹦鹉,鹦鹉,dataset_split/val/鹦鹉/58.jpg
-2.649901,16.107368,鹦鹉,鹦鹉,dataset_split/val/鹦鹉/59.jpg
-2.4472892,17.995756,鹦鹉,鹦鹉,dataset_split/val/鹦鹉/61.jpg
-4.8213778,23.575426,鹦鹉,鹦鹉,dataset_split/val/鹦鹉/63.jpg
-3.731685,16.794329,鹦鹉,鹦鹉,dataset_split/val/鹦鹉/69.png
-4.806079,12.138809,鹦鹉,鹦鹉,dataset_split/val/鹦鹉/77.jpg
-3.7244573,17.958284,鹦鹉,鹦鹉,dataset_split/val/鹦鹉/85.jpeg
0.66425645,10.703499,鹦鹉,鹦鹉,dataset_split/val/鹦鹉/88.jpeg
-6.844533,15.947147,鹦鹉,鹦鹉,dataset_split/val/鹦鹉/90.jpg
-6.8186116,10.920334,鹦鹉,鹦鹉,dataset_split/val/鹦鹉/95.jpeg
